Proveedor,Saldo pendiente
Player,18254.0
Allgemein,8495.0
Solução principal,8486.0
Grande spazio di backup,8482.0
Caron Management,8474.0
Alegra Dynamics,8473.0
Ciutat de Revelstoke,8472.0
Visionssport,8465.0
Walna Dynamics,8455.0
Mudança de opinião,8452.0
Cat51,8439.0
Carrière,8437.0
City Of Lyon,8430.0
El Servei Home It,8430.0
Creative Solution,8423.0
Solutions Zénitcom,8420.0
Roba Moderna,8412.0
Autopeças Maverick,8402.0
Infineramic,8397.0
Hyperlokalis,8394.0
Modern Clothesopolis,8386.0
Impact d'équipe,8380.0
Joyance,8370.0
Ives Ives Ives,8367.0
Iti Tècnic,8365.0
Bk Fechtverein,8359.0
Fercussir,8346.0
Foresta ventosa,8280.0
Arredamento Cafè,8260.0
Zolfo,8260.0
Dinàmica Walna,8243.0
2gm Fuji,8231.0
Neue VR,8227.0
Abalou 4 crianças,8224.0
Fuji da 2 g,8222.0
Solució bàsica,8219.0
Semble Meubles,8217.0
Myrgie,8203.0
Superhome Fashions,8184.0
Digital Tactics,8172.0
Nestens,8172.0
Nouvelle culture,8167.0
Insel Impacex,8155.0
Toytha,8151.0
Trasporto in linea,8147.0
A secoué 4 enfants,8146.0
Dissenys Adview,8137.0
Bayesa,8121.0
Blaugebohrt,8119.0
Impalafabbrica,8118.0
Spieler,8114.0
Recherche de pub,8113.0
Wappifier,8110.0
Csw-Ressourcen,8066.0
Myrgy,8065.0
Optimierungslogik,8056.0
Orron,8037.0
Usine 2cv,8023.0
Der Rotary-Club,8017.0
Núcleo,8016.0
Bezahnli,7974.0
Pt Teknikasi Study,7973.0
Móveis DC,7965.0
Il Rotary Club,7943.0
L'altra banda,7933.0
Sabre Auto Reparação,7928.0
Schlüsseltechnologie,7925.0
Biomotiver,7924.0
Il libro paga di Phoenix,7923.0
Fes-ho,7923.0
Supercasas de moda,7919.0
Phoenix Gehaltsabrechnung,7904.0
Impacex de l'île,7899.0
Soufre,7894.0
Inckan,7892.0
Chaque bon bon après Logo,7883.0
Moderne Clothesopolis,7882.0
Sabre Auto Repair,7879.0
Actenet,7876.0
Città Di Lione,7863.0
Bee Auto Agency,7858.0
Stace Digital,7854.0
Säbel Autoreparatur,7842.0
World Of Matsuri,7832.0
Tactiques numériques,7831.0
Nur einfache Versicherung,7825.0
Emù Edum,7824.0
Big Pktt Cnc,7816.0
Nucleo,7810.0
Grupo Labora,7806.0
Carrière par espace,7796.0
Brandovento,7789.0
Zentwall,7784.0
Ai è efficiente,7775.0
Direcció Mrzio,7766.0
2cv-Fabrik,7755.0
Services de garage,7753.0
Omp Consulting,7740.0
Calibratore,7739.0
Fuji de 2 grams,7726.0
One Off Roll,7718.0
Logica,7704.0
Der Home-It-Service,7688.0
Ferkussir,7684.0
Robotank nach Hause,7662.0
Ruota Rossa,7646.0
Aiswad,7630.0
Zenitcom Solutions,7601.0
Tecnologies Ouma,7600.0
Riteway,7595.0
Adview Designs,7593.0
Furniture Cafe,7562.0
Banco-Schleife,7540.0
Biene Autoagentur,7539.0
joie,7513.0
Recursos Csw,7511.0
Bee Auto Agência,7493.0
Ai sequenziale,7490.0
Industrielle Marmeladenfabrik,7462.0
Táticas Digitais,7454.0
Móveis Artísticos Orman,7447.0
Crosstraining,7446.0
Optimization Logic,7444.0
Kent Packaging,7430.0
Ville de Revelstoke,7408.0
Café Móveis,7390.0
Software da equipe,7376.0
Casa Vannini,7373.0
Perles aux yeux,7372.0
Un seul rouleau,7359.0
Constructeurs Goykay,7354.0
Atenastic Systems,7353.0
Diamond Wine And Spirits,7349.0
Sequential Ai,7349.0
Logiciel d'équipe,7332.0
Esports d'équipe,7318.0
Il servizio a domicilio,7312.0
Inca,7299.0
Piattaforma Ph5,7285.0
Cuscini Frilly,7259.0
Consultoria Omp,7258.0
Designs do Adview,7245.0
Vêtements modernesopolis,7229.0
Occhiello,7227.0
Servicenetz,7202.0
Ciència il·limitada,7189.0
Xplentycom,7178.0
Bona mobilitat a la ciutat,7168.0
Inka,7146.0
Pt2-Dienste,7142.0
Outsource It Development,7139.0
Biomotivare,7138.0
Premier International,7125.0
Lewiskraft,7118.0
Dynamical Digital,7117.0
Primera Internacional,7113.0
Quadro de notícias digital,7104.0
Systèmes de thon rouge,7103.0
Progetto Tambore,7098.0
Desenvolvimento Ahiyo,7096.0
Première Internationale,7088.0
Transport ferroviaire,7070.0
Multiluchs,7063.0
Bt Nord,7056.0
Westwise Systems,7054.0
Gatto pazzo,7051.0
Seguretat de claus,7025.0
Digiitera,7018.0
Tecnosistemi,7014.0
Ahiyo Development,7013.0
Marzo Outbre,7004.0
Il mondo di Matsuri,6994.0
Rennradsport,6993.0
Outbre de março,6963.0
Selagin Digital,6929.0
Kingkenny Hire,6927.0
Maxlight Motorsports,6922.0
Fábrica de geleia industrial,6916.0
Garage Services,6908.0
Logikba,6902.0
Sembra Mobili,6878.0
Impalafactory,6872.0
Atenastische Systeme,6872.0
Sedia da lavoro,6864.0
Premier Internacional,6857.0
Transporte on-line,6855.0
Treinamento cruzado,6854.0
Die andere Seite,6836.0
Vitalwagen,6823.0
Vannini House,6810.0
Teknosysteme,6806.0
Nós somos seus,6799.0
Gestion Caron,6793.0
Software di squadra,6786.0
Clarisse,6778.0
Terrible herbe,6756.0
Plateforme Ph5,6753.0
Soluções Zenitcom,6751.0
Boucle Banco,6749.0
Técnico Iti,6740.0
Impulsion de données,6733.0
Pt Teknikasi-Studie,6729.0
Segurança da chave,6713.0
Westwise-Systeme,6707.0
Simple Machines,6699.0
Bügeluhren,6699.0
Orsola Ostrica,6696.0
Lemdevic,6687.0
Contabilità Sol,6667.0
Orsola Oysterbar,6644.0
Nova Cultura,6635.0
März Outbre,6632.0
Café Möbel,6631.0
Gestió Caron,6618.0
Avocats Alzheimer,6617.0
Software I3i,6613.0
Karriere durch Raum,6585.0
Biomotivar,6565.0
Affitto Woodside,6562.0
Avantiv,6552.0
Calibrador,6546.0
Domòtica,6545.0
Tsexex.ai,6536.0
Multilynx,6522.0
Sonar Di Roma Terme,6519.0
Automatisation de la maison,6504.0
Visió esportiva,6503.0
Woodside Rental,6488.0
Domotica,6487.0
Ciutat de Lió,6486.0
Finanz-API,6478.0
Psi Engineering,6462.0
Folha de pagamento de Phoenix,6459.0
Lógica de otimização,6455.0
Srlan,6453.0
Start-up européenne,6449.0
Claris,6443.0
Lbr Engineers,6440.0
Dinamica Alegra,6437.0
Eficiente,6435.0
Mobiliari Urbà,6435.0
Mirgia,6433.0
Jedes gute gute nach dem Logo,6432.0
Admitábi,6413.0
Inccan,6413.0
Lote,6412.0
Brante vetro,6382.0
Desenvolupament Ahiyo,6364.0
Ouma Technologies,6362.0
Ótimos designs,6347.0
Opentis,6346.0
Engenheiros Lbr,6338.0
Perline Eyed,6328.0
Einmalige Rolle,6327.0
Chromatique,6319.0
Woodside-Vermietung,6310.0
Transito ferroviario,6297.0
Alegra Dynamik,6294.0
Carrera per espai,6278.0
Avantatge,6269.0
Zillion,6255.0
Fabbrica 2cv,6241.0
Tão Fativo,6229.0
Great Designs,6214.0
Madcat,6205.0
Batch,6202.0
Logique d'optimisation,6196.0
Manucure Lee,6191.0
Trammys Austràlia,6189.0
Automação residencial,6178.0
Chave mestra,6147.0
Erva Terrível,6131.0
Sol Accounting,6130.0
Gfr Consultands,6120.0
Chamäleon,6116.0
Clau mestra,6098.0
Faça isso,6095.0
City Of Guilmet,6091.0
Dynamique Walna,6076.0
2cv Fábrica,6073.0
Impatto di squadra,6069.0
Raguarta d'auró,6056.0
Tattiche digitali,6035.0
O serviço de casa,6028.0
Stadt Abus Road,6023.0
Homeco Industries,6007.0
Iti Technical,6005.0
Garagendienste,5997.0
Esports amb bicicleta de carretera,5993.0
Beads Eyed,5977.0
Fare così,5959.0
Nova realidade,5959.0
Nous sommes à vous,5955.0
Esport di squadra,5950.0
Routes Ez,5947.0
A monte,5941.0
Administradores,5928.0
Fuji 2g,5917.0
Limitless Science,5911.0
Cq It A Qatar,5904.0
Transworld House,5894.0
Goautomatch,5861.0
Antisistemi,5856.0
Trânsito Ferroviário,5835.0
Panetteria Vittoria,5829.0
Digitales Mantra,5827.0
Antisistemes,5824.0
Zwischenstädte,5806.0
Recoder Global,5804.0
Kingkenny mieten,5800.0
Laboratoires Saatchi,5800.0
Sitefusion,5799.0
Laboratori Saatchi,5781.0
Olabram,5774.0
Cq It Au Qatar,5769.0
Cidade de Revelstoke,5766.0
Notícies digitals,5760.0
Ciclo di lavoro,5754.0
Companyreo,5752.0
Paie Phénix,5740.0
Aiki It-Unterstützung,5739.0
Sistemas Ateniticos,5733.0
Digital Dinâmico,5728.0
Game Flip (ateler Systems),5704.0
cromatica,5700.0
2h Studio,5686.0
Ais eficient,5684.0
Agenzia per l'auto delle api,5670.0
Zumbido Digital,5648.0
Projecte Tambore,5638.0
Plataforma Ph5,5627.0
Entrenament creuat,5623.0
Tout Beddbfty,5603.0
Intercities,5603.0
Intercity,5591.0
Parece Móveis,5575.0
Tecnologias Ouma,5562.0
Engenharia Psi,5557.0
Cadre d'actualité numérique,5554.0
Devops,5527.0
Transworld-Haus,5515.0
Seems Furniture,5512.0
Bt North,5497.0
DC-Möbel,5470.0
Red Wheel,5470.0
Talentplan,5457.0
Aluguel do Bosque,5456.0
Pense 360,5440.0
Route de la ville d'Abus,5436.0
New Culture,5403.0
Kath,5391.0
API Finance,5388.0
Game Flip (systèmes d'atelier),5387.0
Jahrhundert Partner,5385.0
Sistemas Bluefin,5372.0
Kent-Verpackung,5343.0
Digitale Dinamico,5318.0
Miranda Digitale,5316.0
Multilince,5291.0
Summen Digital,5290.0
The Rotary Club,5287.0
Ahorn-Raguarta,5275.0
Monde de Matsuri,5272.0
Systèmes IA,5272.0
KI-Systeme,5269.0
Rail Transit,5261.0
Dinamica Walna,5260.0
Bucle de treball,5260.0
Team Software,5258.0
Isole Magentrapt,5254.0
Il a mangé,5251.0
Stromaufwärts,5250.0
Tecnologia chiave,5218.0
Diamond Wein und Spirituosen,5211.0
Städtische Möbel,5209.0
Eilis Unternehmen,5208.0
Agence Abeille Auto,5200.0
Avantive,5192.0
Ville de Lyon,5175.0
Consultoria DV,5168.0
Recodificar global,5161.0
Orman Kunstmöbel,5155.0
Koncept Usa,5147.0
Solo semplice assicurazione,5145.0
Cromàtica,5139.0
Conseils Omp,5138.0
Transport en línia,5131.0
Beethoven,5116.0
Key Security,5100.0
Superhome-Mode,5099.0
Hypergraph,5097.0
Island Impacex,5092.0
O outro lado,5086.0
Lot,5080.0
Ill Consulting,5074.0
Pièces d'auto Maverick,5045.0
Tudo Bedbfty,5041.0
Neue Kultur,5029.0
Anwälte für Alzheimer,5018.0
Administradors,5011.0
Aluguer de Kingkenny,5010.0
ferreiro calibrador,4997.0
Alzheimers Solicitors,4987.0
Nuovo Vr,4982.0
Verre Brante,4978.0
Nucleus,4970.0
Projet Tamboré,4970.0
Vino e liquori di diamante,4963.0
Jugador,4961.0
Tambore Project,4950.0
Canvi de pensament,4944.0
Frilly Pillows,4936.0
Logique,4923.0
Team-Auswirkung,4916.0
Serviços de garagem,4914.0
Marisa,4911.0
Accueil Robotank,4899.0
Brante-Glas,4897.0
Nouvelle réalité virtuelle,4873.0
Equip Esports,4867.0
Constructors Goykay,4857.0
Smartworld Software,4845.0
Servizi Pt2,4841.0
Entreprises Eilis,4839.0
Teknossistemas,4824.0
Agència Bee Auto,4816.0
Chameleon,4810.0
Chromatica,4807.0
Iperlocali,4804.0
Ais Effizient,4802.0
Dinàmica Digital,4789.0
Industrie Homeco,4786.0
Ais Efficient,4779.0
Isola Impacex,4765.0
Town Of Abus Road,4733.0
Datawrite,4703.0
Adview-Designs,4697.0
Scheint Möbel,4691.0
Trànsit ferroviari,4685.0
Nidifica,4681.0
Soluzione creativa,4672.0
Associati Secolo,4666.0
Laboratoris Saatchi,4648.0
Home Automation,4634.0
Serveis de garatge,4633.0
Catexc,4618.0
2g de Fuji,4603.0
Maverick Auto Parts,4602.0
Schlüsselsicherheit,4593.0
Passe-partout,4593.0
Eyerainloop,4590.0
Wir gehören Ihnen,4584.0
Veasit,4573.0
Terrible Herbst,4563.0
Anti Systems,4562.0
Teknosistemes,4542.0
Ouma-Technologien,4541.0
Dv Consulting,4531.0
Amministratori,4527.0
Windy Forest,4510.0
Ez Strade,4509.0
Hauptschlüssel,4498.0
Laboratórios Generite,4477.0
Axis Varsity,4451.0
Bluefin Systems,4451.0
Advocats d'Alzheimer,4446.0
Tàctiques digitals,4444.0
Gelato Digdens,4441.0
Casa del Transmondo,4430.0
Shackle Clocks,4423.0
Stapel,4419.0
Transgare,4419.0
Datapulse,4413.0
I3i Software,4407.0
Enxofre,4404.0
Empreses Eilis,4393.0
Laborstuhl,4387.0
Tot el logotip de Good Good After,4383.0
Università dell'Asse,4379.0
Controllore,4356.0
Ha mangiato,4348.0
Itchlo digitale,4343.0
Upstream,4332.0
Hyperlocalis,4330.0
Bosc Ventós,4325.0
Sistemi Westwise,4302.0
Perlen gemustert,4284.0
City Of Revelstoke,4254.0
Kontroller,4250.0
Ais Efficace,4250.0
Sistemi del tonno rosso,4240.0
Studio Pt Teknikasi,4239.0
Sonar Of Roma Spa,4234.0
Logicba,4230.0
Carreira por espaço,4226.0
Ogni buono dopo il logo,4220.0
Tellement Factif,4210.0
Digitaler Newsframe,4209.0
Tecnologia clau,4207.0
Tecnològic Periazzo,4203.0
Scienza senza limiti,4191.0
Vitteo,4173.0
Toombit,4164.0
Siamo tuoi,4163.0
DV-Beratung,4160.0
Millwood vento prolifico,4160.0
Camaleó,4154.0
Big Backup Space,4125.0
Meubles DC,4124.0
Trammys Australia,4118.0
Digdens-Eis,4112.0
Grans dissenys,4107.0
The Home It Service,4103.0
A montante,4098.0
En amont,4089.0
Gran espai de còpia de seguretat,4062.0
Eilis Enterprises,4061.0
Webstar,4046.0
Cirerer,4044.0
Datenpuls,4042.0
Usine de Confiture Industrielle,4036.0
Dc Mobles,4029.0
Newsframe digitale,4020.0
Xplenticom,4019.0
Mantra digitale,4008.0
Maverick Autoteile,4006.0
Servicenet,4006.0
Mrzio Management,3999.0
Tecnologie Ouma,3996.0
Ai Systems,3993.0
Key Technology,3979.0
Administrateurs,3973.0
Premier Internazionale,3971.0
Mobilier d'art d'Orman,3964.0
Heimautomatisierung,3962.0
Ha scosso 4 bambini,3959.0
Lloguer de Woodside,3958.0
Maxlight-Motorsport,3956.0
Consultoria de desenvolvimento,3954.0
Itchlo numérique,3951.0
Cherrywood,3943.0
Teutorm,3939.0
Todo Bom Bem Depois do Logo,3937.0
Corsa intelligente,3935.0
Ricodifica globale,3913.0
Videocast,3899.0
Alegria,3897.0
Banc Loop,3869.0
Desenvolvimento de TI terceirizado,3864.0
Tecnologia chave,3853.0
Transferir,3851.0
Goggynet,3841.0
Nola-Studio,3834.0
Merisier,3818.0
Legno di ciliegio,3812.0
Vivid Design,3806.0
Noyau,3801.0
Trammy Australia,3788.0
A fuoco digitale,3785.0
Interciutats,3770.0
Cadeira de laboratório,3769.0
Infineramico,3769.0
Selagine Digital,3762.0
Location Kingkenny,3761.0
Sequentielle Ai,3761.0
Raguarta d'acero,3753.0
Calibratorsmith,3747.0
Orman Art Furniture,3738.0
Sports de vélo de route,3735.0
Zenitcom-Lösungen,3711.0
Una tantum,3708.0
Online Transport,3707.0
Coinvolgi le produzioni artistiche,3701.0
Genrali,3660.0
Game Flip (sistemas de ateliê),3640.0
Construtores de Goykay,3635.0
Master Key,3614.0
Millwood Wind Prolific,3613.0
Saatchi Labs,3599.0
Solution de base,3592.0
Kirschholz,3585.0
Boa mobilidade urbana,3580.0
Übersetzen,3579.0
Bt Norte,3571.0
Denkverschiebung,3567.0
Anti-systèmes,3565.0
Generite Labs,3546.0
O Rotary Clube,3541.0
Alliancestudios,3536.0
Tan factiu,3531.0
Consulenza Dv,3531.0
Grands dessins,3519.0
Gute Stadtmobilität,3513.0
Ncube,3508.0
Arredi urbani,3476.0
Logiciel Smartworld,3474.0
Madri,3464.0
Gioco Flip (sistemi di ateler),3453.0
Windiger Wald,3452.0
Carriere,3446.0
Meussicz,3442.0
Tecnologico Periazzo,3423.0
Grokzeer,3408.0
Online-Transport,3404.0
Noleggio Kingkenny,3399.0
Sistemi atanastici,3396.0
Ez Roads,3392.0
Teknosystems,3391.0
Mobiliário Urbano,3388.0
Maple Raguarta,3385.0
Cq It No Catar,3370.0
Science illimitée,3357.0
Cromática,3355.0
Buzz digitale,3352.0
Biomotivate,3348.0
Codigraphics,3341.0
Mobili Dc,3338.0
Iti tecnico,3334.0
Wembo-Mobil,3333.0
Club di scherma Bk,3326.0
Thinkshift,3322.0
Urban Furniture,3304.0
Tun Sie dies,3304.0
Admins,3279.0
Impalafabrik,3251.0
Systèmes Westwise,3226.0
Sicher,3222.0
Sistemes Atenàstics,3218.0
Entreprisereo,3216.0
Kalibratorschmied,3211.0
Ele comeu,3193.0
Beauftragen Sie Kunstproduktionen,3186.0
Iti technique,3174.0
Externaliser le développement informatique,3171.0
El Rotary Club,3159.0
Millwood Wind Fruchtbar,3159.0
Città di Revelstoke,3149.0
Großer Backup-Speicherplatz,3144.0
Lotto,3144.0
Développement Ahiyo,3134.0
Aiki It Support,3118.0
Sofre,3110.0
2 g Fuji,3090.0
Carretera Ciutat d'Abus,3072.0
Arbeitsschleife,3062.0
Fàbrica de melmelada industrial,3046.0
Orologi a catena,3042.0
It Analytics Team,3041.0
Sicurezza chiave,3033.0
L'altra parte,3013.0
Ammetto,3009.0
Intercités,3003.0
Homeco-Industrien,3001.0
Riparazione auto Saber,2998.0
Startup Europe,2993.0
Welt von Matsuri,2956.0
Jam Factory Industrial,2955.0
Vittee,2954.0
Iacm,2929.0
Sistemas Westwise,2915.0
Es ist technisch,2913.0
Plano de talentos,2912.0
Nuova cultura,2902.0
Mobili d'arte Orman,2891.0
Numérique dynamique,2867.0
Cq es in Katar,2857.0
Einssiebenwesten,2856.0
Ipergrafo,2850.0
Giocatore,2850.0
Teamlösungen,2843.0
2cv Factory,2836.0
Grenzenlose Wissenschaft,2814.0
Engage Art Productions,2812.0
Cidade de Lyon,2796.0
Echo Digital,2786.0
Plan de talents,2780.0
Associés du siècle,2779.0
Vision Sport,2776.0
Carlo Carlo,2765.0
Digital Newsframe,2756.0
Coixins amb volants,2723.0
Psi-Technik,2701.0
Omp-Beratung,2683.0
Ginezoft,2676.0
Myvicco,2674.0
L'autre côté,2642.0
Gestione Caron,2625.0
Nola Studio,2617.0
Calibrateurforgeron,2612.0
Boucle de travail,2588.0
Jogador,2583.0
Ph5-Plattform,2577.0
Isl Consulting,2567.0
Isll Consulting,2561.0
Solucions Zenitcom,2558.0
Ingénierie psi,2541.0
Mobles d'art Orman,2535.0
Soluzioni Zenitcom,2528.0
Shook 4 Kids,2508.0
Learnig,2505.0
Finanza Api,2488.0
Tombit,2480.0
Sistemes Bluefin,2476.0
Bluedrilled,2456.0
Rüschenkissen,2456.0
Reparació d'automòbils Sabre,2454.0
Sistemas AI,2446.0
Alles Beddbfty,2437.0
Deboover,2426.0
Associados do Século,2423.0
Recode Global,2421.0
Kat51,2421.0
Working Loop,2412.0
Finance Api,2412.0
Ai séquentielle,2409.0
Er aß,2404.0
Som teus,2387.0
Maxlight Motorsport,2387.0
Bonne mobilité urbaine,2386.0
Associats del segle,2381.0
Auk Myanmar,2363.0
Oreillers à froufrous,2348.0
Startup Europa,2345.0
Schwefel,2345.0
Chiave maestra,2339.0
Stazio Digitale,2338.0
Pt2 Services,2337.0
Mise au point numérique,2333.0
Peces d'automòbils Maverick,2307.0
Sviluppo Ahiyo,2305.0
Rituale,2304.0
La moderna Clothesopolis,2299.0
Passeio inteligente,2294.0
Imballaggio Kent,2292.0
Connectlab,2261.0
Schrecklicher Herbst,2249.0
Erborista terribile,2248.0
Estrada Cidade de Abus,2248.0
Grandi disegni,2247.0
Nucli,2241.0
Srl,2234.0
Jack Donnelly Hyundai,2227.0
Podc,2211.0
Location de bois,2209.0
Raguarta à l'érable,2208.0
Wembo Mobile,2203.0
Nou Vr,2196.0
Brimstone,2195.0
Systèmes aténastiques,2190.0
Fàbrica de 2cv,2165.0
Mobilier Urbain,2162.0
Sport per bici da strada,2155.0
Clearcad,2151.0
Kreative Lösung,2132.0
Team Esports,2128.0
Digital em Foco,2102.0
Almofadas com babados,2096.0
Sembla un moble,2089.0
E2recordscom,2088.0
Ciclo de trabalho,2082.0
Crowdpool - Fse Cx,2054.0
Clothesópolis moderna,2050.0
Caron-Management,2044.0
Disegni di Adview,2043.0
Phoenix Payroll,2036.0
Lògica d'optimització,2036.0
Così fazioso,2034.0
Caméléon,2034.0
Walna Dynamik,2028.0
Myvichco,2021.0
Kernlösung,2021.0
Impacte de l'equip,2017.0
Also Faktiv,2011.0
Rotes Rad,2008.0
Conseil DV,2008.0
Heate,2001.0
Onesevenwest,1998.0
Carriera per spazio,1997.0
Base di fuoco,1984.0
Team-Software,1956.0
Soluzioni di squadra,1954.0
Clé de sécurité,1951.0
Lògica,1951.0
Camaleonte,1920.0
Clapbon,1916.0
Contrôleur,1876.0
Digital Mantra,1860.0
Advogados de Alzheimer,1855.0
Città Di Abus Road,1839.0
Ph5 Platform,1833.0
Sol-Buchhaltung,1826.0
Joueur,1803.0
Enginyeria Psi,1801.0
investissementc,1788.0
Riu amunt,1780.0
Sonar von Roma Spa,1770.0
North Shore Fusia,1760.0
Kat,1753.0
Vannini-Haus,1739.0
IT-Entwicklung auslagern,1738.0
Gestão Caron,1738.0
Allianzstudios,1737.0
Esportes de visão,1720.0
Firebase,1720.0
Admitabi,1705.0
Casa Robotank,1703.0
Programari Smartworld,1695.0
El món de Matsuri,1685.0
Estradas de Ez,1681.0
Magenfallen-Inseln,1678.0
Connect Lab,1669.0
Gioia,1668.0
Selagine digitale,1666.0
Dynamisches Digital,1665.0
Buzz Digital,1661.0
Smartworld-Software,1660.0
Core Solution,1659.0
Olhos de miçangas,1652.0
Good City Mobility,1640.0
Ijmall,1635.0
Esportes de equipe,1624.0
Victorias Bakery,1616.0
Avantage,1615.0
Global neu codieren,1609.0
Ricambi auto non conformisti,1594.0
Emu Edum,1593.0
Grup Labora,1581.0
Soluzione centrale,1579.0
Consulenza Omp,1551.0
Tambore-Projekt,1526.0
Risorse Csw,1525.0
Intercidades,1520.0
We Are Yours,1496.0
Clevere Fahrt,1485.0
Impacto da equipe,1474.0
Victorias Bäckerei,1464.0
Goykay-Bauherren,1463.0
Madeira de cerejeira,1441.0
Goykay Builders,1439.0
Clever Ride,1437.0
Servizi di garage,1427.0
Avvocati di Alzheimer,1416.0
Technologie clé,1413.0
Siacsafe,1379.0
Anti-Systeme,1373.0
Tolle Designs,1372.0
Réparation automobile Sabre,1363.0
Sistemes Ai,1345.0
Team di analisi,1338.0
Grand espace de sauvegarde,1334.0
Nómina Phoenix,1314.0
Vision Sports,1309.0
Trammys Austrália,1308.0
Passeig intel·ligent,1282.0
Einfache Maschinen,1254.0
Général,1254.0
Forêt venteuse,1242.0
Tutto Beddbfty,1239.0
Kern,1232.0
Consulenti Gfr,1226.0
Digdens Ice Cream,1226.0
Cross-Training,1215.0
Botta Think,1201.0
Meubles Café,1200.0
Mars Outbre,1184.0
Carglo Carlo,1184.0
Aerovan,1184.0
Ez-Straßen,1180.0
Career By Space,1172.0
Um Rolo,1167.0
Magentrapt Islands,1162.0
Menjava,1143.0
Metta Status_cru_lumarn,1132.0
Floresta dos Ventos,1124.0
Ai Sequencial,1124.0
Moda Supercasa,1121.0
Bk Fencing Club,1120.0
4 Kinder geschüttelt,1119.0
Banco Loop,1109.0
Everything Beddbfty,1107.0
Eilis Imprese,1105.0
Carrers Ez,1105.0
Orsola Austernbar,1099.0
Trammys Australien,1091.0
The Other Side,1089.0
Aïswad,1084.0
Myvitchco,1074.0
Achse Varsity,1072.0
Catr,1062.0
Ai Sistemi,1059.0
Just Simple Insurance,1047.0
Casa Robot,1039.0
Team Solutions,1036.0
Lbr Ingegneri,1033.0
Le Rotary club,1029.0
Programari d'equip,1018.0
Sistemes Westwise,1011.0
Orrón,1003.0
Debugger,995.0
Ahiyo-Entwicklung,990.0
Konzept USA,980.0
Tot Beddbfty,970.0
Fusia della sponda settentrionale,966.0
Perfurado,960.0
March Outbre,938.0
Groupe Labora,925.0
Wappify,922.0
Transport en ligne,913.0
Brante Glass,888.0
Fabbrica di marmellata industriale,885.0
Itchlo Digital,873.0
Buona mobilità cittadina,870.0
Siiniin,863.0
Webbi,861.0
Vidre Brante,855.0
Cafeteria Moble,851.0
Aerovans,849.0
Century Associates,837.0
Lbdoocommerce,832.0
Digitale Taktik,829.0
New Vr,811.0
Aérovans,784.0
Saaanu,783.0
Road Bike Sports,781.0
Isll Consultoria,778.0
Bluefin-Systeme,770.0
Bremco,762.0
Lbr Ingenieure,759.0
Madrid,747.0
Stadt Lyon,735.0
Avançada,733.0
Tecnológico Periazzo,727.0
Schienenverkehr,725.0
Crius.ai,715.0
Csw Resources,685.0
Mundo de Matsuri,685.0
Toombbit,680.0
Le service informatique à domicile,680.0
Cq It In Qatar,665.0
Manicuri Lee,661.0
Thinkit360,657.0
Anti-Sistemas,651.0
Lbr Enginyers,649.0
Camaleão,648.0
Controlador,638.0
Projeto Tamboré,636.0
Firmareo,634.0
Studio Nola,614.0
Modes Superhome,611.0
Vuevitas,607.0
Laboratori generici,597.0
Esportes de bicicleta de estrada,596.0
API de finanças,587.0
Kontrolleur,581.0
Deltavita,570.0
Cathexc,565.0
Macchine semplici,555.0
Vidro Brante,532.0
Maison Vanini,526.0
Freude,523.0
Stadt Revelstoke,514.0
Ingénieurs Lbr,472.0
Logica di ottimizzazione,457.0
Externalitzar el desenvolupament,442.0
Trammys Australie,420.0
Transgate,415.0
Esternalizzare lo sviluppo,410.0
Balade intelligente,403.0
Infocus Digital,403.0
Infineramisch,402.0
Mrzio-Management,396.0
Software Smartworld,375.0
Ressources CSW,359.0
Robotank Home,352.0
Every Good Good After Logo,351.0
Labochair,348.0
Vitalwagens,343.0
Augenregenschleife,340.0
Illa Impacex,336.0
Dc Furniture,335.0
Standortfusion,329.0
Ilha Impacex,328.0
Toyta,326.0
Doso,318.0
Allenamento incrociato,311.0
Team Impact,310.0
Buzz numérique,286.0
Deboovers,280.0
Team-Esport,277.0
Biomotivieren,269.0
Ciência sem limites,267.0
Costruttori di Goykay,262.0
Metta Statu_cru_lumarn,261.0
Ingegneria Psi,236.0
Ai seqüencial,235.0
Pubsearch,211.0
Grande espaço de backup,201.0
Modgugh,71.14
So Factive,63.0
